date,game,team,lineupStatus,lineupConfirmedOfficial,lineupSource,lineupBattersExpected,lineupBattersFound,lineupBattersResolved,lineupAdjAvailable,lineupAdjApplied,lineupDataQuality,lineupStatusReason,reasonCodes
2026-08-07,NYM@PIT,New York Mets,confirmed,True,mlb_stats_api,9,9,9,True,True,full,"Official lineup confirmed, 9/9 batters resolved for xwOBA adjustment",LINEUP_CONFIRMED_OFFICIAL|LINEUP_ADJ_APPLIED
2026-08-07,NYM@PIT,Pittsburgh Pirates,confirmed,True,mlb_stats_api,9,9,8,True,True,full,"Official lineup confirmed, 8/9 batters resolved for xwOBA adjustment",LINEUP_CONFIRMED_OFFICIAL|LINEUP_ADJ_APPLIED
2026-08-07,TOR@PHI,Toronto Blue Jays,confirmed,True,mlb_stats_api,9,9,8,True,True,full,"Official lineup confirmed, 8/9 batters resolved for xwOBA adjustment",LINEUP_CONFIRMED_OFFICIAL|LINEUP_ADJ_APPLIED
2026-08-07,TOR@PHI,Philadelphia Phillies,confirmed,True,mlb_stats_api,9,9,9,True,True,full,"Official lineup confirmed, 9/9 batters resolved for xwOBA adjustment",LINEUP_CONFIRMED_OFFICIAL|LINEUP_ADJ_APPLIED
2026-08-07,CIN@WSH,Cincinnati Reds,confirmed,True,mlb_stats_api,9,9,8,True,True,full,"Official lineup confirmed, 8/9 batters resolved for xwOBA adjustment",LINEUP_CONFIRMED_OFFICIAL|LINEUP_ADJ_APPLIED
2026-08-07,CIN@WSH,Washington Nationals,confirmed,True,mlb_stats_api,9,9,9,True,True,full,"Official lineup confirmed, 9/9 batters resolved for xwOBA adjustment",LINEUP_CONFIRMED_OFFICIAL|LINEUP_ADJ_APPLIED
2026-08-07,ATL@NYY,Atlanta Braves,confirmed,True,mlb_stats_api,9,9,9,True,True,full,"Official lineup confirmed, 9/9 batters resolved for xwOBA adjustment",LINEUP_CONFIRMED_OFFICIAL|LINEUP_ADJ_APPLIED
2026-08-07,ATL@NYY,New York Yankees,confirmed,True,mlb_stats_api,9,9,8,True,True,full,"Official lineup confirmed, 8/9 batters resolved for xwOBA adjustment",LINEUP_CONFIRMED_OFFICIAL|LINEUP_ADJ_APPLIED
2026-08-07,ATH@BOS,Athletics,confirmed,True,mlb_stats_api,9,9,8,True,True,full,"Official lineup confirmed, 8/9 batters resolved for xwOBA adjustment",LINEUP_CONFIRMED_OFFICIAL|LINEUP_ADJ_APPLIED
2026-08-07,ATH@BOS,Boston Red Sox,confirmed,True,mlb_stats_api,9,9,9,True,True,full,"Official lineup confirmed, 9/9 batters resolved for xwOBA adjustment",LINEUP_CONFIRMED_OFFICIAL|LINEUP_ADJ_APPLIED
2026-08-07,LAA@MIA,Los Angeles Angels,confirmed,True,mlb_stats_api,9,9,9,True,True,full,"Official lineup confirmed, 9/9 batters resolved for xwOBA adjustment",LINEUP_CONFIRMED_OFFICIAL|LINEUP_ADJ_APPLIED
2026-08-07,LAA@MIA,Miami Marlins,confirmed,True,mlb_stats_api,9,9,9,True,True,full,"Official lineup confirmed, 9/9 batters resolved for xwOBA adjustment",LINEUP_CONFIRMED_OFFICIAL|LINEUP_ADJ_APPLIED
2026-08-07,CLE@CWS,Cleveland Guardians,confirmed,True,mlb_stats_api,9,9,8,True,True,full,"Official lineup confirmed, 8/9 batters resolved for xwOBA adjustment",LINEUP_CONFIRMED_OFFICIAL|LINEUP_ADJ_APPLIED
2026-08-07,CLE@CWS,Chicago White Sox,confirmed,True,mlb_stats_api,9,9,9,True,True,full,"Official lineup confirmed, 9/9 batters resolved for xwOBA adjustment",LINEUP_CONFIRMED_OFFICIAL|LINEUP_ADJ_APPLIED
2026-08-07,MIN@MIL,Minnesota Twins,confirmed,True,mlb_stats_api,9,9,8,True,True,full,"Official lineup confirmed, 8/9 batters resolved for xwOBA adjustment",LINEUP_CONFIRMED_OFFICIAL|LINEUP_ADJ_APPLIED
2026-08-07,MIN@MIL,Milwaukee Brewers,confirmed,True,mlb_stats_api,9,9,9,True,True,full,"Official lineup confirmed, 9/9 batters resolved for xwOBA adjustment",LINEUP_CONFIRMED_OFFICIAL|LINEUP_ADJ_APPLIED
2026-08-07,CHC@KC,Chicago Cubs,confirmed,True,mlb_stats_api,9,9,9,True,True,full,"Official lineup confirmed, 9/9 batters resolved for xwOBA adjustment",LINEUP_CONFIRMED_OFFICIAL|LINEUP_ADJ_APPLIED
2026-08-07,CHC@KC,Kansas City Royals,confirmed,True,mlb_stats_api,9,9,9,True,True,full,"Official lineup confirmed, 9/9 batters resolved for xwOBA adjustment",LINEUP_CONFIRMED_OFFICIAL|LINEUP_ADJ_APPLIED
2026-08-07,COL@STL,Colorado Rockies,confirmed,True,mlb_stats_api,9,9,9,True,True,full,"Official lineup confirmed, 9/9 batters resolved for xwOBA adjustment",LINEUP_CONFIRMED_OFFICIAL|LINEUP_ADJ_APPLIED
2026-08-07,COL@STL,St. Louis Cardinals,confirmed,True,mlb_stats_api,9,9,9,True,True,full,"Official lineup confirmed, 9/9 batters resolved for xwOBA adjustment",LINEUP_CONFIRMED_OFFICIAL|LINEUP_ADJ_APPLIED
2026-08-07,BAL@TEX,Baltimore Orioles,confirmed,True,mlb_stats_api,9,9,9,True,True,full,"Official lineup confirmed, 9/9 batters resolved for xwOBA adjustment",LINEUP_CONFIRMED_OFFICIAL|LINEUP_ADJ_APPLIED
2026-08-07,BAL@TEX,Texas Rangers,confirmed,True,mlb_stats_api,9,9,9,True,True,full,"Official lineup confirmed, 9/9 batters resolved for xwOBA adjustment",LINEUP_CONFIRMED_OFFICIAL|LINEUP_ADJ_APPLIED
2026-08-07,LAD@AZ,Los Angeles Dodgers,confirmed,True,mlb_stats_api,9,9,9,True,True,full,"Official lineup confirmed, 9/9 batters resolved for xwOBA adjustment",LINEUP_CONFIRMED_OFFICIAL|LINEUP_ADJ_APPLIED
2026-08-07,LAD@AZ,Arizona Diamondbacks,confirmed,True,mlb_stats_api,9,9,9,True,True,full,"Official lineup confirmed, 9/9 batters resolved for xwOBA adjustment",LINEUP_CONFIRMED_OFFICIAL|LINEUP_ADJ_APPLIED
2026-08-07,HOU@SD,Houston Astros,missing,False,mlb_stats_api,9,0,0,False,False,none,Batting order not yet posted by MLB Stats API,LINEUP_MISSING|LINEUP_ADJ_UNAVAILABLE
2026-08-07,HOU@SD,San Diego Padres,confirmed,True,mlb_stats_api,9,9,9,True,True,full,"Official lineup confirmed, 9/9 batters resolved for xwOBA adjustment",LINEUP_CONFIRMED_OFFICIAL|LINEUP_ADJ_APPLIED
2026-08-07,TB@SEA,Tampa Bay Rays,missing,False,mlb_stats_api,9,0,0,False,False,none,Batting order not yet posted by MLB Stats API,LINEUP_MISSING|LINEUP_ADJ_UNAVAILABLE
2026-08-07,TB@SEA,Seattle Mariners,confirmed,True,mlb_stats_api,9,9,9,True,True,full,"Official lineup confirmed, 9/9 batters resolved for xwOBA adjustment",LINEUP_CONFIRMED_OFFICIAL|LINEUP_ADJ_APPLIED
2026-08-07,DET@SF,Detroit Tigers,missing,False,mlb_stats_api,9,0,0,False,False,none,Batting order not yet posted by MLB Stats API,LINEUP_MISSING|LINEUP_ADJ_UNAVAILABLE
2026-08-07,DET@SF,San Francisco Giants,confirmed,True,mlb_stats_api,9,9,9,True,True,full,"Official lineup confirmed, 9/9 batters resolved for xwOBA adjustment",LINEUP_CONFIRMED_OFFICIAL|LINEUP_ADJ_APPLIED
