slateDate,eventTicker,marketFamily,contracts,meanAbsMidRevisionCents,maxAbsMidRevisionCents
2026-08-16,KXMLBF5-26AUG161335BOSPIT,inning_result,3,1.1667,2.0
2026-08-16,KXMLBF5-26AUG161410PHIMIN,inning_result,3,0.6667,1.5
2026-08-16,KXMLBF5-26AUG161607KCLAA,inning_result,3,0.5,1.0
2026-08-16,KXMLBF5-26AUG161920SEAHOU,inning_result,3,2.0,3.0
2026-08-16,KXMLBGAME-26AUG161340WSHNYM,game_result,2,0.5,1.0
2026-08-16,KXMLBRFI-26AUG161335AZATL,first_inning_run,1,2.0,2.0
2026-08-16,KXMLBRFI-26AUG161335BOSPIT,first_inning_run,1,3.0,3.0
2026-08-16,KXMLBRFI-26AUG161337NYYTOR,first_inning_run,1,3.0,3.0
2026-08-16,KXMLBRFI-26AUG161340CWSDET,first_inning_run,1,3.0,3.0
2026-08-16,KXMLBRFI-26AUG161340MIACIN,first_inning_run,1,1.0,1.0
2026-08-16,KXMLBRFI-26AUG161340SDCLE,first_inning_run,1,3.0,3.0
2026-08-16,KXMLBRFI-26AUG161340WSHNYM,first_inning_run,1,1.0,1.0
2026-08-16,KXMLBRFI-26AUG161410PHIMIN,first_inning_run,1,0.0,0.0
2026-08-16,KXMLBRFI-26AUG161515STLCHC,first_inning_run,1,0.0,0.0
2026-08-16,KXMLBRFI-26AUG161607KCLAA,first_inning_run,1,0.0,0.0
2026-08-16,KXMLBRFI-26AUG161920SEAHOU,first_inning_run,1,0.0,0.0
2026-08-16,KXMLBSPREAD-26AUG161335AZATL,winning_margin,6,0.6667,1.0
2026-08-16,KXMLBSPREAD-26AUG161335BOSPIT,winning_margin,6,1.1667,2.0
2026-08-16,KXMLBSPREAD-26AUG161337NYYTOR,winning_margin,6,1.1667,3.0
2026-08-16,KXMLBSPREAD-26AUG161340CWSDET,winning_margin,6,0.6667,1.0
2026-08-16,KXMLBSPREAD-26AUG161340MIACIN,winning_margin,6,0.5833,2.0
2026-08-16,KXMLBSPREAD-26AUG161340SDCLE,winning_margin,6,0.4167,1.0
2026-08-16,KXMLBSPREAD-26AUG161340WSHNYM,winning_margin,6,0.1667,1.0
2026-08-16,KXMLBSPREAD-26AUG161410PHIMIN,winning_margin,6,0.5,1.0
2026-08-16,KXMLBSPREAD-26AUG161515STLCHC,winning_margin,6,2.3333,4.0
2026-08-16,KXMLBSPREAD-26AUG161605COLSF,winning_margin,6,0.5,1.0
2026-08-16,KXMLBSPREAD-26AUG161605TEXATH,winning_margin,6,0.5,1.0
2026-08-16,KXMLBSPREAD-26AUG161607KCLAA,winning_margin,6,1.1667,2.5
2026-08-16,KXMLBSPREAD-26AUG161610MILLAD,winning_margin,6,0.5,1.0
2026-08-16,KXMLBSPREAD-26AUG161920SEAHOU,winning_margin,6,1.3333,2.0
2026-08-16,KXMLBTEAMTOTAL-26AUG161335AZATL,team_total,14,0.8571,1.5
2026-08-16,KXMLBTEAMTOTAL-26AUG161335BOSPIT,team_total,14,0.8929,1.5
2026-08-16,KXMLBTEAMTOTAL-26AUG161337NYYTOR,team_total,14,5.0714,6.5
2026-08-16,KXMLBTEAMTOTAL-26AUG161340CWSDET,team_total,14,0.75,2.0
2026-08-16,KXMLBTEAMTOTAL-26AUG161340MIACIN,team_total,14,3.7143,6.0
2026-08-16,KXMLBTEAMTOTAL-26AUG161340SDCLE,team_total,14,1.1071,2.5
2026-08-16,KXMLBTEAMTOTAL-26AUG161340WSHNYM,team_total,14,0.9643,1.5
2026-08-16,KXMLBTEAMTOTAL-26AUG161410PHIMIN,team_total,14,0.5,1.0
2026-08-16,KXMLBTEAMTOTAL-26AUG161515STLCHC,team_total,14,1.6429,3.0
2026-08-16,KXMLBTEAMTOTAL-26AUG161605COLSF,team_total,14,1.2143,3.0
2026-08-16,KXMLBTEAMTOTAL-26AUG161605TEXATH,team_total,14,2.8929,5.0
2026-08-16,KXMLBTEAMTOTAL-26AUG161607KCLAA,team_total,14,3.3214,5.0
2026-08-16,KXMLBTEAMTOTAL-26AUG161610MILLAD,team_total,14,2.3571,4.0
2026-08-16,KXMLBTEAMTOTAL-26AUG161920SEAHOU,team_total,14,1.2857,5.0
2026-08-16,KXMLBTOTAL-26AUG161335AZATL,game_total,11,2.3636,4.0
2026-08-16,KXMLBTOTAL-26AUG161335BOSPIT,game_total,11,0.3636,0.5
2026-08-16,KXMLBTOTAL-26AUG161337NYYTOR,game_total,11,5.5909,8.0
2026-08-16,KXMLBTOTAL-26AUG161340CWSDET,game_total,11,0.6818,3.0
2026-08-16,KXMLBTOTAL-26AUG161340MIACIN,game_total,11,5.2727,8.0
2026-08-16,KXMLBTOTAL-26AUG161340SDCLE,game_total,11,0.4545,1.0
2026-08-16,KXMLBTOTAL-26AUG161340WSHNYM,game_total,11,0.9091,2.0
2026-08-16,KXMLBTOTAL-26AUG161410PHIMIN,game_total,11,0.6364,2.0
2026-08-16,KXMLBTOTAL-26AUG161515STLCHC,game_total,11,1.0,2.0
2026-08-16,KXMLBTOTAL-26AUG161605COLSF,game_total,11,0.7273,2.0
2026-08-16,KXMLBTOTAL-26AUG161605TEXATH,game_total,11,3.9545,5.0
2026-08-16,KXMLBTOTAL-26AUG161607KCLAA,game_total,11,4.3636,6.0
2026-08-16,KXMLBTOTAL-26AUG161610MILLAD,game_total,11,2.9091,5.0
2026-08-16,KXMLBTOTAL-26AUG161920SEAHOU,game_total,11,0.5909,1.0
2026-08-18,KXMLBF5-26AUG182040LADCOL,inning_result,3,1.0,2.0
2026-08-18,KXMLBGAME-26AUG181835NYYBAL,game_result,2,1.0,1.0
2026-08-18,KXMLBGAME-26AUG181840DETPIT,game_result,2,3.0,3.0
2026-08-18,KXMLBGAME-26AUG181840MIAPHI,game_result,2,2.0,2.0
2026-08-18,KXMLBGAME-26AUG181910SDNYM,game_result,2,0.5,1.0
2026-08-18,KXMLBRFI-26AUG181835NYYBAL,first_inning_run,1,2.0,2.0
2026-08-18,KXMLBRFI-26AUG181840DETPIT,first_inning_run,1,1.0,1.0
2026-08-18,KXMLBRFI-26AUG181840MIAPHI,first_inning_run,1,0.0,0.0
2026-08-18,KXMLBRFI-26AUG181840SFCLE,first_inning_run,1,1.0,1.0
2026-08-18,KXMLBRFI-26AUG181840STLCIN,first_inning_run,1,1.0,1.0
2026-08-18,KXMLBRFI-26AUG181840TORTB,first_inning_run,1,3.0,3.0
2026-08-18,KXMLBRFI-26AUG181910AZBOS,first_inning_run,1,5.0,5.0
2026-08-18,KXMLBRFI-26AUG181910SDNYM,first_inning_run,1,2.0,2.0
2026-08-18,KXMLBRFI-26AUG181940ATHKC,first_inning_run,1,2.0,2.0
2026-08-18,KXMLBRFI-26AUG181940ATLMIN,first_inning_run,1,1.0,1.0
2026-08-18,KXMLBRFI-26AUG181940SEAMIL,first_inning_run,1,1.0,1.0
2026-08-18,KXMLBRFI-26AUG182005CWSCHC,first_inning_run,1,0.0,0.0
2026-08-18,KXMLBRFI-26AUG182005WSHTEX,first_inning_run,1,1.0,1.0
2026-08-18,KXMLBRFI-26AUG182010LAAHOU,first_inning_run,1,0.0,0.0
2026-08-18,KXMLBRFI-26AUG182040LADCOL,first_inning_run,1,0.0,0.0
2026-08-18,KXMLBSPREAD-26AUG181835NYYBAL,winning_margin,6,0.25,1.0
2026-08-18,KXMLBSPREAD-26AUG181840DETPIT,winning_margin,6,0.8333,1.0
2026-08-18,KXMLBSPREAD-26AUG181840MIAPHI,winning_margin,6,1.5,2.0
2026-08-18,KXMLBSPREAD-26AUG181840SFCLE,winning_margin,6,0.8333,3.0
2026-08-18,KXMLBSPREAD-26AUG181840STLCIN,winning_margin,6,0.6667,1.0
2026-08-18,KXMLBSPREAD-26AUG181840TORTB,winning_margin,6,1.4167,2.0
2026-08-18,KXMLBSPREAD-26AUG181910AZBOS,winning_margin,6,0.4167,1.5
2026-08-18,KXMLBSPREAD-26AUG181910SDNYM,winning_margin,6,0.3333,1.0
2026-08-18,KXMLBSPREAD-26AUG181940ATHKC,winning_margin,6,3.0,4.0
2026-08-18,KXMLBSPREAD-26AUG181940ATLMIN,winning_margin,6,1.1667,3.0
2026-08-18,KXMLBSPREAD-26AUG181940SEAMIL,winning_margin,6,1.1667,2.0
2026-08-18,KXMLBSPREAD-26AUG182005CWSCHC,winning_margin,6,1.5,3.0
2026-08-18,KXMLBSPREAD-26AUG182005WSHTEX,winning_margin,6,0.3333,1.0
2026-08-18,KXMLBSPREAD-26AUG182010LAAHOU,winning_margin,6,0.5833,2.0
2026-08-18,KXMLBSPREAD-26AUG182040LADCOL,winning_margin,6,1.3333,2.0
2026-08-18,KXMLBTEAMTOTAL-26AUG181835NYYBAL,team_total,14,1.3929,3.0
2026-08-18,KXMLBTEAMTOTAL-26AUG181840DETPIT,team_total,14,0.6429,1.5
2026-08-18,KXMLBTEAMTOTAL-26AUG181840MIAPHI,team_total,14,1.1786,2.5
2026-08-18,KXMLBTEAMTOTAL-26AUG181840SFCLE,team_total,14,0.6786,2.5
2026-08-18,KXMLBTEAMTOTAL-26AUG181840STLCIN,team_total,14,0.7143,1.5
2026-08-18,KXMLBTEAMTOTAL-26AUG181840TORTB,team_total,14,0.8571,2.0
2026-08-18,KXMLBTEAMTOTAL-26AUG181910AZBOS,team_total,14,3.2857,5.0
2026-08-18,KXMLBTEAMTOTAL-26AUG181910SDNYM,team_total,14,0.8571,2.0
2026-08-18,KXMLBTEAMTOTAL-26AUG181940ATHKC,team_total,14,4.4286,8.0
2026-08-18,KXMLBTEAMTOTAL-26AUG181940ATLMIN,team_total,14,0.6429,3.5
2026-08-18,KXMLBTEAMTOTAL-26AUG181940SEAMIL,team_total,14,1.5714,4.5
2026-08-18,KXMLBTEAMTOTAL-26AUG182005CWSCHC,team_total,13,2.8462,5.0
2026-08-18,KXMLBTEAMTOTAL-26AUG182005WSHTEX,team_total,14,1.75,2.5
2026-08-18,KXMLBTEAMTOTAL-26AUG182010LAAHOU,team_total,14,1.3214,5.0
2026-08-18,KXMLBTEAMTOTAL-26AUG182040LADCOL,team_total,14,1.0357,2.5
2026-08-18,KXMLBTOTAL-26AUG181835NYYBAL,game_total,11,1.1818,2.0
2026-08-18,KXMLBTOTAL-26AUG181840DETPIT,game_total,11,0.5909,2.0
2026-08-18,KXMLBTOTAL-26AUG181840MIAPHI,game_total,11,0.3182,1.0
2026-08-18,KXMLBTOTAL-26AUG181840SFCLE,game_total,11,0.5,1.0
2026-08-18,KXMLBTOTAL-26AUG181840STLCIN,game_total,11,0.9091,2.0
2026-08-18,KXMLBTOTAL-26AUG181840TORTB,game_total,11,0.5,1.0
2026-08-18,KXMLBTOTAL-26AUG181910AZBOS,game_total,11,4.0909,6.0
2026-08-18,KXMLBTOTAL-26AUG181910SDNYM,game_total,11,0.4091,1.5
2026-08-18,KXMLBTOTAL-26AUG181940ATHKC,game_total,11,5.4091,7.0
2026-08-18,KXMLBTOTAL-26AUG181940ATLMIN,game_total,11,1.1364,2.0
2026-08-18,KXMLBTOTAL-26AUG181940SEAMIL,game_total,11,0.6364,1.5
2026-08-18,KXMLBTOTAL-26AUG182005CWSCHC,game_total,11,4.7727,8.0
2026-08-18,KXMLBTOTAL-26AUG182005WSHTEX,game_total,11,3.3636,7.0
2026-08-18,KXMLBTOTAL-26AUG182010LAAHOU,game_total,11,0.4091,1.0
2026-08-18,KXMLBTOTAL-26AUG182040LADCOL,game_total,11,0.8182,2.0
2026-08-19,KXMLBF5-26AUG192005WSHTEX,inning_result,1,0.5,0.5
2026-08-19,KXMLBF5-26AUG192040LADCOL,inning_result,3,0.3333,0.5
2026-08-19,KXMLBGAME-26AUG191940SEAMIL,game_result,2,1.0,1.0
2026-08-19,KXMLBRFI-26AUG191805MIAPHI,first_inning_run,1,0.0,0.0
2026-08-19,KXMLBRFI-26AUG191835NYYBAL,first_inning_run,1,1.0,1.0
2026-08-19,KXMLBRFI-26AUG191840STLCIN,first_inning_run,1,1.0,1.0
2026-08-19,KXMLBRFI-26AUG191840TORTB,first_inning_run,1,0.0,0.0
2026-08-19,KXMLBRFI-26AUG191940ATHKC,first_inning_run,1,0.5,0.5
2026-08-19,KXMLBRFI-26AUG191940SEAMIL,first_inning_run,1,1.0,1.0
2026-08-19,KXMLBRFI-26AUG192005WSHTEX,first_inning_run,1,4.0,4.0
2026-08-19,KXMLBRFI-26AUG192040LADCOL,first_inning_run,1,1.0,1.0
2026-08-19,KXMLBSPREAD-26AUG191805MIAPHI,winning_margin,6,1.0,2.0
2026-08-19,KXMLBSPREAD-26AUG191835NYYBAL,winning_margin,6,1.4167,2.0
2026-08-19,KXMLBSPREAD-26AUG191840SFCLE,winning_margin,6,3.1667,4.5
2026-08-19,KXMLBSPREAD-26AUG191840STLCIN,winning_margin,6,0.75,2.0
2026-08-19,KXMLBSPREAD-26AUG191840TORTB,winning_margin,6,1.1667,2.0
2026-08-19,KXMLBSPREAD-26AUG191940SEAMIL,winning_margin,6,0.0,0.0
2026-08-19,KXMLBSPREAD-26AUG192005WSHTEX,winning_margin,6,1.0,1.5
2026-08-19,KXMLBSPREAD-26AUG192010LAAHOU,winning_margin,6,0.5833,1.0
2026-08-19,KXMLBSPREAD-26AUG192040LADCOL,winning_margin,6,0.8333,2.0
2026-08-19,KXMLBTEAMTOTAL-26AUG191805MIAPHI,team_total,14,1.3929,3.0
2026-08-19,KXMLBTEAMTOTAL-26AUG191835NYYBAL,team_total,14,1.1429,2.5
2026-08-19,KXMLBTEAMTOTAL-26AUG191840STLCIN,team_total,14,1.1429,2.5
2026-08-19,KXMLBTEAMTOTAL-26AUG191840TORTB,team_total,14,3.3571,5.0
2026-08-19,KXMLBTEAMTOTAL-26AUG191940SEAMIL,team_total,14,1.2857,2.5
2026-08-19,KXMLBTEAMTOTAL-26AUG192005WSHTEX,team_total,14,1.75,4.5
2026-08-19,KXMLBTEAMTOTAL-26AUG192040LADCOL,team_total,14,0.7143,2.0
2026-08-19,KXMLBTOTAL-26AUG191805MIAPHI,game_total,11,2.0455,5.0
2026-08-19,KXMLBTOTAL-26AUG191835NYYBAL,game_total,11,0.6818,1.5
2026-08-19,KXMLBTOTAL-26AUG191840STLCIN,game_total,11,1.0455,2.0
2026-08-19,KXMLBTOTAL-26AUG191840TORTB,game_total,11,3.1818,5.5
2026-08-19,KXMLBTOTAL-26AUG191940SEAMIL,game_total,11,1.1818,4.0
2026-08-19,KXMLBTOTAL-26AUG192005WSHTEX,game_total,11,3.0,7.0
2026-08-19,KXMLBTOTAL-26AUG192040LADCOL,game_total,11,0.6364,2.0
2026-08-20,KXMLBF5-26AUG201310SFCLE,inning_result,3,1.6667,3.0
2026-08-20,KXMLBF5-26AUG201310TORTB,inning_result,3,1.0,1.0
2026-08-20,KXMLBF5-26AUG201410ATHKC,inning_result,3,0.6667,1.0
2026-08-20,KXMLBRFI-26AUG201310SFCLE,first_inning_run,1,3.0,3.0
2026-08-20,KXMLBRFI-26AUG201310TORTB,first_inning_run,1,0.0,0.0
2026-08-20,KXMLBRFI-26AUG201410ATHKC,first_inning_run,1,2.0,2.0
2026-08-20,KXMLBRFI-26AUG201410ATLCWS,first_inning_run,1,3.0,3.0
2026-08-20,KXMLBRFI-26AUG201410SEAMIL,first_inning_run,1,1.0,1.0
2026-08-20,KXMLBRFI-26AUG201835NYYBAL,first_inning_run,1,0.0,0.0
2026-08-20,KXMLBRFI-26AUG202005WSHTEX,first_inning_run,1,0.0,0.0
2026-08-20,KXMLBRFI-26AUG202010LAAHOU,first_inning_run,1,1.0,1.0
2026-08-20,KXMLBSPREAD-26AUG201310SFCLE,winning_margin,6,1.5,3.0
2026-08-20,KXMLBSPREAD-26AUG201310TORTB,winning_margin,6,0.9167,2.0
2026-08-20,KXMLBSPREAD-26AUG201410ATHKC,winning_margin,6,0.5833,1.0
2026-08-20,KXMLBSPREAD-26AUG201410ATLCWS,winning_margin,6,0.3333,1.0
2026-08-20,KXMLBSPREAD-26AUG201410SEAMIL,winning_margin,6,0.5,1.0
2026-08-20,KXMLBSPREAD-26AUG201835NYYBAL,winning_margin,6,1.1667,2.0
2026-08-20,KXMLBSPREAD-26AUG202005WSHTEX,winning_margin,6,1.0,2.0
2026-08-20,KXMLBSPREAD-26AUG202010LAAHOU,winning_margin,6,0.5,1.0
2026-08-20,KXMLBTEAMTOTAL-26AUG201310SFCLE,team_total,14,4.1786,7.0
2026-08-20,KXMLBTEAMTOTAL-26AUG201310TORTB,team_total,14,2.6071,4.0
2026-08-20,KXMLBTEAMTOTAL-26AUG201410ATHKC,team_total,14,3.0357,5.0
2026-08-20,KXMLBTEAMTOTAL-26AUG201410ATLCWS,team_total,14,0.6071,2.0
2026-08-20,KXMLBTEAMTOTAL-26AUG201410SEAMIL,team_total,14,1.3214,2.5
2026-08-20,KXMLBTEAMTOTAL-26AUG201835NYYBAL,team_total,14,3.4643,5.0
2026-08-20,KXMLBTEAMTOTAL-26AUG202005WSHTEX,team_total,14,2.1786,4.0
2026-08-20,KXMLBTEAMTOTAL-26AUG202010LAAHOU,team_total,14,1.25,3.5
2026-08-20,KXMLBTOTAL-26AUG201310SFCLE,game_total,11,4.5,7.0
2026-08-20,KXMLBTOTAL-26AUG201310TORTB,game_total,11,2.9545,5.0
2026-08-20,KXMLBTOTAL-26AUG201410ATHKC,game_total,11,3.6818,6.0
2026-08-20,KXMLBTOTAL-26AUG201410ATLCWS,game_total,11,0.6364,1.5
2026-08-20,KXMLBTOTAL-26AUG201410SEAMIL,game_total,11,0.9545,2.0
2026-08-20,KXMLBTOTAL-26AUG201835NYYBAL,game_total,11,3.1818,5.0
2026-08-20,KXMLBTOTAL-26AUG202005WSHTEX,game_total,11,2.4091,4.5
2026-08-20,KXMLBTOTAL-26AUG202010LAAHOU,game_total,11,0.6364,1.5
2026-08-21,KXMLBF5-26AUG212015LAATEX,inning_result,3,0.3333,1.0
2026-08-21,KXMLBF5-26AUG212140CINAZ,inning_result,3,1.3333,2.0
2026-08-21,KXMLBF5-26AUG212210CHCSEA,inning_result,3,1.1667,1.5
2026-08-21,KXMLBF5-26AUG212210PITLAD,inning_result,3,0.6667,1.0
2026-08-21,KXMLBGAME-26AUG211915TBBAL,game_result,2,1.0,1.0
2026-08-21,KXMLBGAME-26AUG212210CHCSEA,game_result,2,1.0,1.0
2026-08-21,KXMLBRFI-26AUG211840STLPHI,first_inning_run,1,5.0,5.0
2026-08-21,KXMLBRFI-26AUG211905TORNYY,first_inning_run,1,0.5,0.5
2026-08-21,KXMLBRFI-26AUG211910SFBOS,first_inning_run,1,2.0,2.0
2026-08-21,KXMLBRFI-26AUG211910WSHMIA,first_inning_run,1,0.0,0.0
2026-08-21,KXMLBRFI-26AUG211915TBBAL,first_inning_run,1,0.0,0.0
2026-08-21,KXMLBRFI-26AUG211940NYMCWS,first_inning_run,1,0.0,0.0
2026-08-21,KXMLBRFI-26AUG212010ATHHOU,first_inning_run,1,0.0,0.0
2026-08-21,KXMLBRFI-26AUG212010DETKC,first_inning_run,1,0.0,0.0
2026-08-21,KXMLBRFI-26AUG212015LAATEX,first_inning_run,1,2.0,2.0
2026-08-21,KXMLBRFI-26AUG212040CLECOL,first_inning_run,1,1.0,1.0
2026-08-21,KXMLBRFI-26AUG212140CINAZ,first_inning_run,1,3.0,3.0
2026-08-21,KXMLBRFI-26AUG212210CHCSEA,first_inning_run,1,0.0,0.0
2026-08-21,KXMLBRFI-26AUG212210PITLAD,first_inning_run,1,1.0,1.0
2026-08-21,KXMLBSPREAD-26AUG211910SFBOS,winning_margin,6,0.4167,1.0
2026-08-21,KXMLBSPREAD-26AUG211910WSHMIA,winning_margin,6,0.8333,1.0
2026-08-21,KXMLBSPREAD-26AUG211915TBBAL,winning_margin,6,1.1667,2.0
2026-08-21,KXMLBSPREAD-26AUG211940NYMCWS,winning_margin,6,0.3333,1.0
2026-08-21,KXMLBSPREAD-26AUG212010ATHHOU,winning_margin,6,0.9167,2.0
2026-08-21,KXMLBSPREAD-26AUG212010DETKC,winning_margin,6,0.5833,1.0
2026-08-21,KXMLBSPREAD-26AUG212015LAATEX,winning_margin,6,0.0833,0.5
2026-08-21,KXMLBSPREAD-26AUG212040CLECOL,winning_margin,6,0.4167,1.0
2026-08-21,KXMLBSPREAD-26AUG212140CINAZ,winning_margin,6,0.5833,2.0
2026-08-21,KXMLBSPREAD-26AUG212210CHCSEA,winning_margin,6,0.5833,1.0
2026-08-21,KXMLBSPREAD-26AUG212210PITLAD,winning_margin,6,0.8333,2.0
2026-08-21,KXMLBTEAMTOTAL-26AUG211910SFBOS,team_total,14,3.6429,5.5
2026-08-21,KXMLBTEAMTOTAL-26AUG211910WSHMIA,team_total,14,2.5,3.5
2026-08-21,KXMLBTEAMTOTAL-26AUG211915TBBAL,team_total,14,3.0,4.5
2026-08-21,KXMLBTEAMTOTAL-26AUG211940NYMCWS,team_total,14,0.2857,1.5
2026-08-21,KXMLBTEAMTOTAL-26AUG212010ATHHOU,team_total,14,1.1429,2.5
2026-08-21,KXMLBTEAMTOTAL-26AUG212010DETKC,team_total,14,1.6429,3.5
2026-08-21,KXMLBTEAMTOTAL-26AUG212015LAATEX,team_total,14,1.8571,2.5
2026-08-21,KXMLBTEAMTOTAL-26AUG212040CLECOL,team_total,14,1.6071,3.0
2026-08-21,KXMLBTEAMTOTAL-26AUG212140CINAZ,team_total,14,0.9286,2.0
2026-08-21,KXMLBTEAMTOTAL-26AUG212210CHCSEA,team_total,14,0.8571,1.0
2026-08-21,KXMLBTEAMTOTAL-26AUG212210PITLAD,team_total,14,0.8571,2.0
2026-08-21,KXMLBTOTAL-26AUG211910SFBOS,game_total,11,4.0455,6.0
2026-08-21,KXMLBTOTAL-26AUG211910WSHMIA,game_total,11,2.8182,5.5
2026-08-21,KXMLBTOTAL-26AUG211915TBBAL,game_total,11,3.7273,5.5
2026-08-21,KXMLBTOTAL-26AUG211940NYMCWS,game_total,11,0.6364,2.0
2026-08-21,KXMLBTOTAL-26AUG212010ATHHOU,game_total,11,0.8636,1.5
2026-08-21,KXMLBTOTAL-26AUG212010DETKC,game_total,11,1.8182,3.0
2026-08-21,KXMLBTOTAL-26AUG212015LAATEX,game_total,11,1.6364,3.0
2026-08-21,KXMLBTOTAL-26AUG212040CLECOL,game_total,11,1.2727,2.0
2026-08-21,KXMLBTOTAL-26AUG212140CINAZ,game_total,11,0.4091,1.0
2026-08-21,KXMLBTOTAL-26AUG212210CHCSEA,game_total,11,0.3636,1.0
2026-08-21,KXMLBTOTAL-26AUG212210PITLAD,game_total,11,0.7727,1.5
2026-08-22,KXMLBF5-26AUG221905TBBAL,inning_result,3,1.6667,2.5
2026-08-22,KXMLBF5-26AUG221915DETKC,inning_result,3,0.0,0.0
2026-08-22,KXMLBF5-26AUG221915PITLAD,inning_result,3,1.0,1.5
2026-08-22,KXMLBGAME-26AUG221910NYMCWS,game_result,2,1.0,1.0
2026-08-22,KXMLBGAME-26AUG221915PITLAD,game_result,2,1.5,2.0
2026-08-22,KXMLBRFI-26AUG221335TORNYY,first_inning_run,1,4.0,4.0
2026-08-22,KXMLBRFI-26AUG221410ATLMIL,first_inning_run,1,0.0,0.0
2026-08-22,KXMLBRFI-26AUG221610WSHMIA,first_inning_run,1,1.0,1.0
2026-08-22,KXMLBRFI-26AUG221905LAATEX,first_inning_run,1,3.0,3.0
2026-08-22,KXMLBRFI-26AUG221905TBBAL,first_inning_run,1,0.0,0.0
2026-08-22,KXMLBRFI-26AUG221910ATHHOU,first_inning_run,1,1.5,1.5
2026-08-22,KXMLBRFI-26AUG221910NYMCWS,first_inning_run,1,2.0,2.0
2026-08-22,KXMLBRFI-26AUG221915DETKC,first_inning_run,1,1.0,1.0
2026-08-22,KXMLBRFI-26AUG221915PITLAD,first_inning_run,1,1.0,1.0
2026-08-22,KXMLBRFI-26AUG221915SFBOS,first_inning_run,1,1.0,1.0
2026-08-22,KXMLBRFI-26AUG222010CINAZ,first_inning_run,1,2.0,2.0
2026-08-22,KXMLBRFI-26AUG222010CLECOL,first_inning_run,1,0.0,0.0
2026-08-22,KXMLBRFI-26AUG222040MINSD,first_inning_run,1,0.0,0.0
2026-08-22,KXMLBSPREAD-26AUG221335TORNYY,winning_margin,6,1.6667,3.0
2026-08-22,KXMLBSPREAD-26AUG221410ATLMIL,winning_margin,6,0.5833,1.5
2026-08-22,KXMLBSPREAD-26AUG221610WSHMIA,winning_margin,6,0.4167,1.0
2026-08-22,KXMLBSPREAD-26AUG221805STLPHI,winning_margin,6,2.0,3.0
2026-08-22,KXMLBSPREAD-26AUG221905LAATEX,winning_margin,6,0.5,1.0
2026-08-22,KXMLBSPREAD-26AUG221905TBBAL,winning_margin,6,0.5,1.0
2026-08-22,KXMLBSPREAD-26AUG221910ATHHOU,winning_margin,6,0.5,1.0
2026-08-22,KXMLBSPREAD-26AUG221910NYMCWS,winning_margin,6,0.5833,1.0
2026-08-22,KXMLBSPREAD-26AUG221915CHCSEA,winning_margin,6,0.4167,1.0
2026-08-22,KXMLBSPREAD-26AUG221915DETKC,winning_margin,6,0.25,1.0
2026-08-22,KXMLBSPREAD-26AUG221915PITLAD,winning_margin,6,0.6667,2.0
2026-08-22,KXMLBSPREAD-26AUG221915SFBOS,winning_margin,6,0.5,1.0
2026-08-22,KXMLBSPREAD-26AUG222010CINAZ,winning_margin,6,1.4167,3.0
2026-08-22,KXMLBSPREAD-26AUG222010CLECOL,winning_margin,6,0.5,1.0
2026-08-22,KXMLBSPREAD-26AUG222040MINSD,winning_margin,6,1.5833,2.5
2026-08-22,KXMLBTEAMTOTAL-26AUG221335TORNYY,team_total,14,1.5714,3.5
2026-08-22,KXMLBTEAMTOTAL-26AUG221410ATLMIL,team_total,14,1.6071,3.0
2026-08-22,KXMLBTEAMTOTAL-26AUG221610WSHMIA,team_total,14,1.0357,2.0
2026-08-22,KXMLBTEAMTOTAL-26AUG221905LAATEX,team_total,14,0.6786,1.5
2026-08-22,KXMLBTEAMTOTAL-26AUG221905TBBAL,team_total,14,0.9286,3.0
2026-08-22,KXMLBTEAMTOTAL-26AUG221910ATHHOU,team_total,14,1.1786,3.0
2026-08-22,KXMLBTEAMTOTAL-26AUG221910NYMCWS,team_total,14,0.9286,2.0
2026-08-22,KXMLBTEAMTOTAL-26AUG221915DETKC,team_total,14,0.7143,2.0
2026-08-22,KXMLBTEAMTOTAL-26AUG221915PITLAD,team_total,14,1.0357,2.5
2026-08-22,KXMLBTEAMTOTAL-26AUG221915SFBOS,team_total,14,1.4643,2.5
2026-08-22,KXMLBTEAMTOTAL-26AUG222010CINAZ,team_total,14,1.3214,2.5
2026-08-22,KXMLBTEAMTOTAL-26AUG222010CLECOL,team_total,14,1.1429,2.0
2026-08-22,KXMLBTEAMTOTAL-26AUG222040MINSD,team_total,14,1.3571,2.5
2026-08-22,KXMLBTOTAL-26AUG221335TORNYY,game_total,11,2.0455,3.5
2026-08-22,KXMLBTOTAL-26AUG221410ATLMIL,game_total,11,1.5,2.5
2026-08-22,KXMLBTOTAL-26AUG221610WSHMIA,game_total,11,0.9091,1.5
2026-08-22,KXMLBTOTAL-26AUG221905LAATEX,game_total,11,0.6364,1.5
2026-08-22,KXMLBTOTAL-26AUG221905TBBAL,game_total,11,0.6364,1.5
2026-08-22,KXMLBTOTAL-26AUG221910ATHHOU,game_total,11,0.9545,2.0
2026-08-22,KXMLBTOTAL-26AUG221910NYMCWS,game_total,11,1.4545,3.0
2026-08-22,KXMLBTOTAL-26AUG221915DETKC,game_total,11,0.9545,2.5
2026-08-22,KXMLBTOTAL-26AUG221915PITLAD,game_total,11,0.4091,1.0
2026-08-22,KXMLBTOTAL-26AUG221915SFBOS,game_total,11,1.0455,2.0
2026-08-22,KXMLBTOTAL-26AUG222010CINAZ,game_total,11,0.5,1.5
2026-08-22,KXMLBTOTAL-26AUG222010CLECOL,game_total,11,1.4545,2.5
2026-08-22,KXMLBTOTAL-26AUG222040MINSD,game_total,11,0.8182,2.0
2026-08-23,KXMLBGAME-26AUG231335STLPHI,game_result,2,0.0,0.0
2026-08-23,KXMLBGAME-26AUG231335TBBAL,game_result,2,2.5,3.0
2026-08-23,KXMLBGAME-26AUG231410NYMCWS,game_result,2,1.0,1.0
2026-08-23,KXMLBGAME-26AUG231515SFBOS,game_result,2,2.0,2.0
2026-08-23,KXMLBGAME-26AUG231610CHCSEA,game_result,2,2.0,2.0
2026-08-23,KXMLBGAME-26AUG231610PITLAD,game_result,2,0.0,0.0
2026-08-23,KXMLBRFI-26AUG231335STLPHI,first_inning_run,1,2.0,2.0
2026-08-23,KXMLBRFI-26AUG231335TBBAL,first_inning_run,1,2.0,2.0
2026-08-23,KXMLBRFI-26AUG231335TORNYY,first_inning_run,1,1.0,1.0
2026-08-23,KXMLBRFI-26AUG231340WSHMIA,first_inning_run,1,1.0,1.0
2026-08-23,KXMLBRFI-26AUG231410ATHHOU,first_inning_run,1,1.0,1.0
2026-08-23,KXMLBRFI-26AUG231410DETKC,first_inning_run,1,0.5,0.5
2026-08-23,KXMLBRFI-26AUG231410NYMCWS,first_inning_run,1,0.5,0.5
2026-08-23,KXMLBRFI-26AUG231435LAATEX,first_inning_run,1,2.0,2.0
2026-08-23,KXMLBRFI-26AUG231510CLECOL,first_inning_run,1,1.0,1.0
2026-08-23,KXMLBRFI-26AUG231515SFBOS,first_inning_run,1,2.0,2.0
2026-08-23,KXMLBRFI-26AUG231610CHCSEA,first_inning_run,1,0.0,0.0
2026-08-23,KXMLBRFI-26AUG231610MINSD,first_inning_run,1,2.0,2.0
2026-08-23,KXMLBRFI-26AUG231610PITLAD,first_inning_run,1,1.0,1.0
2026-08-23,KXMLBRFI-26AUG231615CINAZ,first_inning_run,1,4.0,4.0
2026-08-23,KXMLBRFI-26AUG231910ATLMIL,first_inning_run,1,1.0,1.0
2026-08-23,KXMLBSPREAD-26AUG231335STLPHI,winning_margin,6,0.4167,1.0
2026-08-23,KXMLBSPREAD-26AUG231335TBBAL,winning_margin,6,1.3333,2.0
2026-08-23,KXMLBSPREAD-26AUG231335TORNYY,winning_margin,6,0.3333,1.0
2026-08-23,KXMLBSPREAD-26AUG231340WSHMIA,winning_margin,6,0.25,1.0
2026-08-23,KXMLBSPREAD-26AUG231410ATHHOU,winning_margin,6,0.75,1.5
2026-08-23,KXMLBSPREAD-26AUG231410DETKC,winning_margin,6,0.8333,1.5
2026-08-23,KXMLBSPREAD-26AUG231410NYMCWS,winning_margin,6,0.4167,1.0
2026-08-23,KXMLBSPREAD-26AUG231435LAATEX,winning_margin,6,1.3333,2.0
2026-08-23,KXMLBSPREAD-26AUG231510CLECOL,winning_margin,6,0.5,1.0
2026-08-23,KXMLBSPREAD-26AUG231515SFBOS,winning_margin,6,0.6667,2.0
2026-08-23,KXMLBSPREAD-26AUG231610CHCSEA,winning_margin,6,0.9167,2.0
2026-08-23,KXMLBSPREAD-26AUG231610MINSD,winning_margin,6,0.25,1.0
2026-08-23,KXMLBSPREAD-26AUG231610PITLAD,winning_margin,6,0.4167,1.0
2026-08-23,KXMLBSPREAD-26AUG231615CINAZ,winning_margin,6,0.5,2.0
2026-08-23,KXMLBSPREAD-26AUG231910ATLMIL,winning_margin,6,1.8333,3.0
2026-08-23,KXMLBTEAMTOTAL-26AUG231335STLPHI,team_total,14,1.5714,4.0
2026-08-23,KXMLBTEAMTOTAL-26AUG231335TBBAL,team_total,14,0.6786,2.0
2026-08-23,KXMLBTEAMTOTAL-26AUG231335TORNYY,team_total,14,0.7143,2.0
2026-08-23,KXMLBTEAMTOTAL-26AUG231340WSHMIA,team_total,14,0.9643,2.0
2026-08-23,KXMLBTEAMTOTAL-26AUG231410ATHHOU,team_total,14,2.2143,4.5
2026-08-23,KXMLBTEAMTOTAL-26AUG231410DETKC,team_total,14,0.8571,2.0
2026-08-23,KXMLBTEAMTOTAL-26AUG231410NYMCWS,team_total,14,1.0,3.0
2026-08-23,KXMLBTEAMTOTAL-26AUG231435LAATEX,team_total,14,1.9643,4.0
2026-08-23,KXMLBTEAMTOTAL-26AUG231510CLECOL,team_total,14,1.2143,3.0
2026-08-23,KXMLBTEAMTOTAL-26AUG231515SFBOS,team_total,14,0.5714,1.5
2026-08-23,KXMLBTEAMTOTAL-26AUG231610CHCSEA,team_total,14,0.8929,2.0
2026-08-23,KXMLBTEAMTOTAL-26AUG231610MINSD,team_total,14,0.5714,2.0
2026-08-23,KXMLBTEAMTOTAL-26AUG231610PITLAD,team_total,14,0.8214,2.0
2026-08-23,KXMLBTEAMTOTAL-26AUG231615CINAZ,team_total,14,1.1071,2.0
2026-08-23,KXMLBTEAMTOTAL-26AUG231910ATLMIL,team_total,14,1.2143,4.0
2026-08-23,KXMLBTOTAL-26AUG231335STLPHI,game_total,11,2.8636,5.5
2026-08-23,KXMLBTOTAL-26AUG231335TBBAL,game_total,11,0.8636,2.0
2026-08-23,KXMLBTOTAL-26AUG231335TORNYY,game_total,11,1.8636,3.0
2026-08-23,KXMLBTOTAL-26AUG231340WSHMIA,game_total,11,0.5,1.5
2026-08-23,KXMLBTOTAL-26AUG231410ATHHOU,game_total,11,1.7727,2.5
2026-08-23,KXMLBTOTAL-26AUG231410DETKC,game_total,11,0.5455,1.0
2026-08-23,KXMLBTOTAL-26AUG231410NYMCWS,game_total,11,0.5,1.0
2026-08-23,KXMLBTOTAL-26AUG231435LAATEX,game_total,11,0.8636,2.0
2026-08-23,KXMLBTOTAL-26AUG231510CLECOL,game_total,11,1.5,3.0
2026-08-23,KXMLBTOTAL-26AUG231515SFBOS,game_total,11,1.0909,2.5
2026-08-23,KXMLBTOTAL-26AUG231610CHCSEA,game_total,11,0.6818,2.0
2026-08-23,KXMLBTOTAL-26AUG231610MINSD,game_total,11,0.7273,2.0
2026-08-23,KXMLBTOTAL-26AUG231610PITLAD,game_total,11,0.9545,3.0
2026-08-23,KXMLBTOTAL-26AUG231615CINAZ,game_total,11,1.7273,4.0
2026-08-23,KXMLBTOTAL-26AUG231910ATLMIL,game_total,11,1.1818,4.0
2026-08-24,KXMLBF5-26AUG241840BOSMIA,inning_result,3,2.8333,4.0
2026-08-24,KXMLBF5-26AUG241940TEXCWS,inning_result,1,5.5,5.5
2026-08-24,KXMLBF5-26AUG242140MINATH,inning_result,3,0.1667,0.5
2026-08-24,KXMLBF5-26AUG242140PHISEA,inning_result,3,0.5,1.0
2026-08-24,KXMLBF5-26AUG242145CINSF,inning_result,3,2.8333,4.0
2026-08-24,KXMLBRFI-26AUG241840BOSMIA,first_inning_run,1,2.0,2.0
2026-08-24,KXMLBRFI-26AUG241840TBDET,first_inning_run,1,0.0,0.0
2026-08-24,KXMLBRFI-26AUG241845COLWSH,first_inning_run,1,0.0,0.0
2026-08-24,KXMLBRFI-26AUG242138CLELAA,first_inning_run,1,2.0,2.0
2026-08-24,KXMLBRFI-26AUG242140CHCAZ,first_inning_run,1,2.0,2.0
2026-08-24,KXMLBRFI-26AUG242140MINATH,first_inning_run,1,2.0,2.0
2026-08-24,KXMLBRFI-26AUG242140PHISEA,first_inning_run,1,1.0,1.0
2026-08-24,KXMLBRFI-26AUG242140PITSD,first_inning_run,1,1.0,1.0
2026-08-24,KXMLBRFI-26AUG242145CINSF,first_inning_run,1,0.0,0.0
2026-08-24,KXMLBSPREAD-26AUG241840BOSMIA,winning_margin,6,1.1667,3.0
2026-08-24,KXMLBSPREAD-26AUG241840TBDET,winning_margin,6,0.5,1.0
2026-08-24,KXMLBSPREAD-26AUG241845COLWSH,winning_margin,6,0.3333,1.0
2026-08-24,KXMLBSPREAD-26AUG241940TEXCWS,winning_margin,6,0.6667,1.0
2026-08-24,KXMLBSPREAD-26AUG242138CLELAA,winning_margin,6,0.5,1.0
2026-08-24,KXMLBSPREAD-26AUG242140CHCAZ,winning_margin,6,0.6667,1.0
2026-08-24,KXMLBSPREAD-26AUG242140MINATH,winning_margin,6,0.1667,1.0
2026-08-24,KXMLBSPREAD-26AUG242140PHISEA,winning_margin,6,0.5,2.0
2026-08-24,KXMLBSPREAD-26AUG242140PITSD,winning_margin,6,1.1667,2.0
2026-08-24,KXMLBSPREAD-26AUG242145CINSF,winning_margin,6,2.3333,3.0
2026-08-24,KXMLBTEAMTOTAL-26AUG241840BOSMIA,team_total,14,1.5714,3.5
2026-08-24,KXMLBTEAMTOTAL-26AUG241840TBDET,team_total,14,0.25,2.0
2026-08-24,KXMLBTEAMTOTAL-26AUG241845COLWSH,team_total,14,0.9286,2.0
2026-08-24,KXMLBTEAMTOTAL-26AUG241940TEXCWS,team_total,13,0.9231,3.5
2026-08-24,KXMLBTEAMTOTAL-26AUG242138CLELAA,team_total,14,2.8214,5.0
2026-08-24,KXMLBTEAMTOTAL-26AUG242140CHCAZ,team_total,14,1.75,3.0
2026-08-24,KXMLBTEAMTOTAL-26AUG242140MINATH,team_total,14,1.3571,2.5
2026-08-24,KXMLBTEAMTOTAL-26AUG242140PHISEA,team_total,14,0.1786,1.0
2026-08-24,KXMLBTEAMTOTAL-26AUG242140PITSD,team_total,14,1.25,3.0
2026-08-24,KXMLBTEAMTOTAL-26AUG242145CINSF,team_total,14,1.6429,3.5
2026-08-24,KXMLBTOTAL-26AUG241840BOSMIA,game_total,11,1.6818,4.0
2026-08-24,KXMLBTOTAL-26AUG241840TBDET,game_total,11,0.1818,1.0
2026-08-24,KXMLBTOTAL-26AUG241845COLWSH,game_total,11,0.5455,1.0
2026-08-24,KXMLBTOTAL-26AUG241940TEXCWS,game_total,11,0.7273,2.0
2026-08-24,KXMLBTOTAL-26AUG242138CLELAA,game_total,11,3.4545,5.0
2026-08-24,KXMLBTOTAL-26AUG242140CHCAZ,game_total,11,1.8182,3.5
2026-08-24,KXMLBTOTAL-26AUG242140MINATH,game_total,11,2.8182,5.0
2026-08-24,KXMLBTOTAL-26AUG242140PHISEA,game_total,10,0.8,2.0
2026-08-24,KXMLBTOTAL-26AUG242140PITSD,game_total,11,1.3182,2.5
2026-08-24,KXMLBTOTAL-26AUG242145CINSF,game_total,11,1.0909,2.0
2026-08-25,KXMLBF5-26AUG251910MILNYM,inning_result,3,1.8333,3.5
2026-08-25,KXMLBF5-26AUG251915LADATL,inning_result,3,3.0,6.5
2026-08-25,KXMLBF5-26AUG252140CHCAZ,inning_result,2,0.5,0.5
2026-08-25,KXMLBF5-26AUG252140MINATH,inning_result,3,1.8333,3.5
2026-08-25,KXMLBF5-26AUG252140PITSD,inning_result,3,2.5,4.5
2026-08-25,KXMLBGAME-26AUG251910MILNYM,game_result,2,0.0,0.0
2026-08-25,KXMLBRFI-26AUG251840TBDET,first_inning_run,1,1.0,1.0
2026-08-25,KXMLBRFI-26AUG251905HOUNYY,first_inning_run,1,0.0,0.0
2026-08-25,KXMLBRFI-26AUG251907KCTOR,first_inning_run,1,2.0,2.0
2026-08-25,KXMLBRFI-26AUG251910MILNYM,first_inning_run,1,2.0,2.0
2026-08-25,KXMLBRFI-26AUG251915LADATL,first_inning_run,1,3.0,3.0
2026-08-25,KXMLBRFI-26AUG251940TEXCWS,first_inning_run,1,2.0,2.0
2026-08-25,KXMLBRFI-26AUG252138CLELAA,first_inning_run,1,3.0,3.0
2026-08-25,KXMLBRFI-26AUG252140CHCAZ,first_inning_run,1,0.0,0.0
2026-08-25,KXMLBRFI-26AUG252140MINATH,first_inning_run,1,2.0,2.0
2026-08-25,KXMLBRFI-26AUG252140PHISEA,first_inning_run,1,1.0,1.0
2026-08-25,KXMLBRFI-26AUG252140PITSD,first_inning_run,1,2.0,2.0
2026-08-25,KXMLBRFI-26AUG252145CINSF,first_inning_run,1,0.0,0.0
2026-08-25,KXMLBSPREAD-26AUG251840BOSMIA,winning_margin,6,2.8333,4.0
2026-08-25,KXMLBSPREAD-26AUG251840TBDET,winning_margin,6,0.5833,1.0
2026-08-25,KXMLBSPREAD-26AUG251845COLWSH,winning_margin,6,1.0,2.0
2026-08-25,KXMLBSPREAD-26AUG251905HOUNYY,winning_margin,6,0.9167,1.5
2026-08-25,KXMLBSPREAD-26AUG251907KCTOR,winning_margin,6,0.6667,1.0
2026-08-25,KXMLBSPREAD-26AUG251910MILNYM,winning_margin,6,0.1667,0.5
2026-08-25,KXMLBSPREAD-26AUG251915LADATL,winning_margin,6,0.5833,1.0
2026-08-25,KXMLBSPREAD-26AUG251940TEXCWS,winning_margin,6,0.9167,2.0
2026-08-25,KXMLBSPREAD-26AUG251945BALSTL,winning_margin,6,1.3333,3.0
2026-08-25,KXMLBSPREAD-26AUG252138CLELAA,winning_margin,6,1.3333,2.0
2026-08-25,KXMLBSPREAD-26AUG252140CHCAZ,winning_margin,6,0.75,1.0
2026-08-25,KXMLBSPREAD-26AUG252140MINATH,winning_margin,6,1.0,2.0
2026-08-25,KXMLBSPREAD-26AUG252140PHISEA,winning_margin,6,1.4167,2.5
2026-08-25,KXMLBSPREAD-26AUG252140PITSD,winning_margin,6,1.5,2.0
2026-08-25,KXMLBSPREAD-26AUG252145CINSF,winning_margin,6,0.25,0.5
2026-08-25,KXMLBTEAMTOTAL-26AUG251840TBDET,team_total,14,1.1429,2.0
2026-08-25,KXMLBTEAMTOTAL-26AUG251905HOUNYY,team_total,14,2.0714,3.5
2026-08-25,KXMLBTEAMTOTAL-26AUG251907KCTOR,team_total,14,1.4286,3.0
2026-08-25,KXMLBTEAMTOTAL-26AUG251910MILNYM,team_total,14,1.6786,3.0
2026-08-25,KXMLBTEAMTOTAL-26AUG251915LADATL,team_total,14,1.5357,3.0
2026-08-25,KXMLBTEAMTOTAL-26AUG251940TEXCWS,team_total,14,3.8214,5.5
2026-08-25,KXMLBTEAMTOTAL-26AUG252138CLELAA,team_total,14,2.8214,4.5
2026-08-25,KXMLBTEAMTOTAL-26AUG252140CHCAZ,team_total,14,1.1071,2.5
2026-08-25,KXMLBTEAMTOTAL-26AUG252140MINATH,team_total,14,3.0,5.5
2026-08-25,KXMLBTEAMTOTAL-26AUG252140PHISEA,team_total,14,1.3571,3.5
2026-08-25,KXMLBTEAMTOTAL-26AUG252140PITSD,team_total,14,1.7857,4.5
2026-08-25,KXMLBTEAMTOTAL-26AUG252145CINSF,team_total,14,2.0714,3.0
2026-08-25,KXMLBTOTAL-26AUG251840TBDET,game_total,10,1.0,2.5
2026-08-25,KXMLBTOTAL-26AUG251905HOUNYY,game_total,11,1.8636,4.0
2026-08-25,KXMLBTOTAL-26AUG251907KCTOR,game_total,10,1.0,1.5
2026-08-25,KXMLBTOTAL-26AUG251910MILNYM,game_total,10,3.2,6.5
2026-08-25,KXMLBTOTAL-26AUG251915LADATL,game_total,10,2.05,3.0
2026-08-25,KXMLBTOTAL-26AUG251940TEXCWS,game_total,11,3.1364,7.0
2026-08-25,KXMLBTOTAL-26AUG252138CLELAA,game_total,10,3.8,6.0
2026-08-25,KXMLBTOTAL-26AUG252140CHCAZ,game_total,10,1.05,2.0
2026-08-25,KXMLBTOTAL-26AUG252140MINATH,game_total,11,4.2273,7.0
2026-08-25,KXMLBTOTAL-26AUG252140PHISEA,game_total,10,1.4,3.0
2026-08-25,KXMLBTOTAL-26AUG252140PITSD,game_total,10,1.75,3.0
2026-08-25,KXMLBTOTAL-26AUG252145CINSF,game_total,11,1.9545,4.5
2026-08-26,KXMLBF5-26AUG261545CINSF,inning_result,3,1.6667,2.0
2026-08-26,KXMLBGAME-26AUG261610PITSD,game_result,2,1.5,2.0
2026-08-26,KXMLBRFI-26AUG261310TBDET,first_inning_run,1,3.0,3.0
2026-08-26,KXMLBRFI-26AUG261540CHCAZ,first_inning_run,1,2.0,2.0
2026-08-26,KXMLBRFI-26AUG261545CINSF,first_inning_run,1,2.0,2.0
2026-08-26,KXMLBRFI-26AUG261610PHISEA,first_inning_run,1,3.0,3.0
2026-08-26,KXMLBRFI-26AUG261610PITSD,first_inning_run,1,3.0,3.0
2026-08-26,KXMLBRFI-26AUG261840BOSMIA,first_inning_run,1,2.0,2.0
2026-08-26,KXMLBRFI-26AUG261845COLWSH,first_inning_run,1,2.0,2.0
2026-08-26,KXMLBRFI-26AUG261905HOUNYY,first_inning_run,1,1.0,1.0
2026-08-26,KXMLBRFI-26AUG261907KCTOR,first_inning_run,1,0.0,0.0
2026-08-26,KXMLBRFI-26AUG261910MILNYM,first_inning_run,1,0.0,0.0
2026-08-26,KXMLBRFI-26AUG261915LADATL,first_inning_run,1,2.0,2.0
2026-08-26,KXMLBRFI-26AUG261940TEXCWS,first_inning_run,1,0.5,0.5
2026-08-26,KXMLBRFI-26AUG261945BALSTL,first_inning_run,1,1.0,1.0
2026-08-26,KXMLBRFI-26AUG262105MINATH,first_inning_run,1,2.0,2.0
2026-08-26,KXMLBSPREAD-26AUG261310TBDET,winning_margin,6,0.3333,1.0
2026-08-26,KXMLBSPREAD-26AUG261540CHCAZ,winning_margin,6,1.4167,3.0
2026-08-26,KXMLBSPREAD-26AUG261545CINSF,winning_margin,6,0.5,1.0
2026-08-26,KXMLBSPREAD-26AUG261610PHISEA,winning_margin,6,0.75,2.0
2026-08-26,KXMLBSPREAD-26AUG261610PITSD,winning_margin,6,0.6667,1.5
2026-08-26,KXMLBSPREAD-26AUG261840BOSMIA,winning_margin,6,2.25,3.0
2026-08-26,KXMLBSPREAD-26AUG261845COLWSH,winning_margin,6,1.0,2.0
2026-08-26,KXMLBSPREAD-26AUG261905HOUNYY,winning_margin,6,1.9167,3.0
2026-08-26,KXMLBSPREAD-26AUG261907KCTOR,winning_margin,6,2.5833,3.5
2026-08-26,KXMLBSPREAD-26AUG261910MILNYM,winning_margin,6,0.5833,1.0
2026-08-26,KXMLBSPREAD-26AUG261915LADATL,winning_margin,6,0.5,1.0
2026-08-26,KXMLBSPREAD-26AUG261940TEXCWS,winning_margin,6,0.6667,1.0
2026-08-26,KXMLBSPREAD-26AUG261945BALSTL,winning_margin,6,0.9167,2.0
2026-08-26,KXMLBSPREAD-26AUG262105MINATH,winning_margin,6,0.25,1.0
2026-08-26,KXMLBTEAMTOTAL-26AUG261310TBDET,team_total,14,2.0,4.0
2026-08-26,KXMLBTEAMTOTAL-26AUG261540CHCAZ,team_total,14,1.7143,3.5
2026-08-26,KXMLBTEAMTOTAL-26AUG261545CINSF,team_total,14,1.5357,3.0
2026-08-26,KXMLBTEAMTOTAL-26AUG261610PHISEA,team_total,14,0.8929,2.0
2026-08-26,KXMLBTEAMTOTAL-26AUG261610PITSD,team_total,14,1.2143,5.5
2026-08-26,KXMLBTEAMTOTAL-26AUG261840BOSMIA,team_total,14,1.6429,3.0
2026-08-26,KXMLBTEAMTOTAL-26AUG261845COLWSH,team_total,14,1.4286,6.0
2026-08-26,KXMLBTEAMTOTAL-26AUG261905HOUNYY,team_total,7,2.6429,3.5
2026-08-26,KXMLBTEAMTOTAL-26AUG261907KCTOR,team_total,14,1.9643,3.0
2026-08-26,KXMLBTEAMTOTAL-26AUG261910MILNYM,team_total,14,0.5,1.5
2026-08-26,KXMLBTEAMTOTAL-26AUG261915LADATL,team_total,14,1.1429,2.0
2026-08-26,KXMLBTEAMTOTAL-26AUG261940TEXCWS,team_total,14,0.9643,2.0
2026-08-26,KXMLBTEAMTOTAL-26AUG261945BALSTL,team_total,14,1.0714,2.5
2026-08-26,KXMLBTEAMTOTAL-26AUG262105MINATH,team_total,14,0.3214,2.0
2026-08-26,KXMLBTOTAL-26AUG261310TBDET,game_total,11,2.4091,4.0
2026-08-26,KXMLBTOTAL-26AUG261540CHCAZ,game_total,11,1.0,2.0
2026-08-26,KXMLBTOTAL-26AUG261545CINSF,game_total,11,3.2273,5.0
2026-08-26,KXMLBTOTAL-26AUG261610PHISEA,game_total,11,0.4545,1.0
2026-08-26,KXMLBTOTAL-26AUG261610PITSD,game_total,11,0.5909,1.0
2026-08-26,KXMLBTOTAL-26AUG261840BOSMIA,game_total,11,0.4091,2.0
2026-08-26,KXMLBTOTAL-26AUG261845COLWSH,game_total,11,0.5909,1.0
2026-08-26,KXMLBTOTAL-26AUG261905HOUNYY,game_total,11,0.5455,2.0
2026-08-26,KXMLBTOTAL-26AUG261907KCTOR,game_total,11,0.4545,1.5
2026-08-26,KXMLBTOTAL-26AUG261910MILNYM,game_total,11,0.5,1.0
2026-08-26,KXMLBTOTAL-26AUG261915LADATL,game_total,11,1.0,2.5
2026-08-26,KXMLBTOTAL-26AUG261940TEXCWS,game_total,11,0.9091,2.0
2026-08-26,KXMLBTOTAL-26AUG261945BALSTL,game_total,11,1.1818,2.0
2026-08-26,KXMLBTOTAL-26AUG262105MINATH,game_total,11,0.6364,2.0
2026-08-27,KXMLBF5-26AUG271907KCTOR,inning_result,3,0.0,0.0
2026-08-27,KXMLBGAME-26AUG271910MILNYM,game_result,2,0.0,0.0
2026-08-27,KXMLBRFI-26AUG271905HOUNYY,first_inning_run,1,0.0,0.0
2026-08-27,KXMLBRFI-26AUG271907KCTOR,first_inning_run,1,0.0,0.0
2026-08-27,KXMLBRFI-26AUG271910MILNYM,first_inning_run,1,0.0,0.0
2026-08-27,KXMLBRFI-26AUG271915LADATL,first_inning_run,1,0.0,0.0
2026-08-27,KXMLBRFI-26AUG272145AZSF,first_inning_run,1,0.0,0.0
2026-08-27,KXMLBSPREAD-26AUG271905HOUNYY,winning_margin,6,0.0,0.0
2026-08-27,KXMLBSPREAD-26AUG271907KCTOR,winning_margin,6,0.0,0.0
2026-08-27,KXMLBSPREAD-26AUG271910MILNYM,winning_margin,6,0.0,0.0
2026-08-27,KXMLBSPREAD-26AUG271915LADATL,winning_margin,6,0.0,0.0
2026-08-27,KXMLBSPREAD-26AUG272145AZSF,winning_margin,6,0.0,0.0
2026-08-27,KXMLBTEAMTOTAL-26AUG271905HOUNYY,team_total,14,0.0,0.0
2026-08-27,KXMLBTEAMTOTAL-26AUG271907KCTOR,team_total,14,0.0,0.0
2026-08-27,KXMLBTEAMTOTAL-26AUG271910MILNYM,team_total,14,0.0,0.0
2026-08-27,KXMLBTEAMTOTAL-26AUG271915LADATL,team_total,14,0.0,0.0
2026-08-27,KXMLBTEAMTOTAL-26AUG272145AZSF,team_total,14,0.0,0.0
2026-08-27,KXMLBTOTAL-26AUG271905HOUNYY,game_total,11,0.0,0.0
2026-08-27,KXMLBTOTAL-26AUG271907KCTOR,game_total,11,0.0,0.0
2026-08-27,KXMLBTOTAL-26AUG271910MILNYM,game_total,11,0.0,0.0
2026-08-27,KXMLBTOTAL-26AUG271915LADATL,game_total,11,0.0,0.0
2026-08-27,KXMLBTOTAL-26AUG272145AZSF,game_total,11,0.0,0.0
2026-08-28,KXMLBF5-26AUG281910KCCLE,inning_result,3,0.0,0.0
2026-08-28,KXMLBF5-26AUG281915COLATL,inning_result,3,0.0,0.0
2026-08-28,KXMLBF5-26AUG281940TEXMIL,inning_result,3,0.0,0.0
2026-08-28,KXMLBF5-26AUG282015PITSTL,inning_result,3,0.0,0.0
2026-08-28,KXMLBGAME-26AUG281910HOUNYM,game_result,2,0.0,0.0
2026-08-28,KXMLBGAME-26AUG281910SDTB,game_result,2,0.0,0.0
2026-08-28,KXMLBRFI-26AUG281910HOUNYM,first_inning_run,1,0.0,0.0
2026-08-28,KXMLBRFI-26AUG281910KCCLE,first_inning_run,1,0.0,0.0
2026-08-28,KXMLBRFI-26AUG281910SDTB,first_inning_run,1,0.0,0.0
2026-08-28,KXMLBRFI-26AUG281915BOSNYY,first_inning_run,1,0.0,0.0
2026-08-28,KXMLBRFI-26AUG281915COLATL,first_inning_run,1,0.0,0.0
2026-08-28,KXMLBRFI-26AUG281915SEATOR,first_inning_run,1,0.0,0.0
2026-08-28,KXMLBRFI-26AUG281940TEXMIL,first_inning_run,1,0.0,0.0
2026-08-28,KXMLBRFI-26AUG282010CWSMIN,first_inning_run,1,0.0,0.0
2026-08-28,KXMLBRFI-26AUG282015PITSTL,first_inning_run,1,0.0,0.0
2026-08-28,KXMLBRFI-26AUG282138PHILAA,first_inning_run,1,0.0,0.0
2026-08-28,KXMLBRFI-26AUG282140BALATH,first_inning_run,1,0.0,0.0
2026-08-28,KXMLBRFI-26AUG282215AZSF,first_inning_run,1,0.0,0.0
2026-08-28,KXMLBSPREAD-26AUG281910HOUNYM,winning_margin,6,0.0,0.0
2026-08-28,KXMLBSPREAD-26AUG281910KCCLE,winning_margin,6,0.0,0.0
2026-08-28,KXMLBSPREAD-26AUG281910SDTB,winning_margin,6,0.0,0.0
2026-08-28,KXMLBSPREAD-26AUG281915BOSNYY,winning_margin,6,0.0,0.0
2026-08-28,KXMLBSPREAD-26AUG281915COLATL,winning_margin,6,0.0,0.0
2026-08-28,KXMLBSPREAD-26AUG281940TEXMIL,winning_margin,6,0.0,0.0
2026-08-28,KXMLBSPREAD-26AUG282010CWSMIN,winning_margin,6,0.0,0.0
2026-08-28,KXMLBSPREAD-26AUG282015PITSTL,winning_margin,6,0.0,0.0
2026-08-28,KXMLBSPREAD-26AUG282138PHILAA,winning_margin,6,0.0,0.0
2026-08-28,KXMLBTEAMTOTAL-26AUG281910HOUNYM,team_total,14,0.0,0.0
2026-08-28,KXMLBTEAMTOTAL-26AUG281910KCCLE,team_total,14,0.0,0.0
2026-08-28,KXMLBTEAMTOTAL-26AUG281910SDTB,team_total,14,0.0,0.0
2026-08-28,KXMLBTEAMTOTAL-26AUG281915BOSNYY,team_total,14,0.0,0.0
2026-08-28,KXMLBTEAMTOTAL-26AUG281915COLATL,team_total,14,0.0,0.0
2026-08-28,KXMLBTEAMTOTAL-26AUG281940TEXMIL,team_total,14,0.0,0.0
2026-08-28,KXMLBTEAMTOTAL-26AUG282010CWSMIN,team_total,14,0.0,0.0
2026-08-28,KXMLBTEAMTOTAL-26AUG282015PITSTL,team_total,14,0.0,0.0
2026-08-28,KXMLBTEAMTOTAL-26AUG282138PHILAA,team_total,14,0.0,0.0
2026-08-28,KXMLBTOTAL-26AUG281910HOUNYM,game_total,11,0.0,0.0
2026-08-28,KXMLBTOTAL-26AUG281910KCCLE,game_total,11,0.0,0.0
2026-08-28,KXMLBTOTAL-26AUG281910SDTB,game_total,11,0.0,0.0
2026-08-28,KXMLBTOTAL-26AUG281915BOSNYY,game_total,11,0.0,0.0
2026-08-28,KXMLBTOTAL-26AUG281915COLATL,game_total,11,0.0,0.0
2026-08-28,KXMLBTOTAL-26AUG281940TEXMIL,game_total,11,0.0,0.0
2026-08-28,KXMLBTOTAL-26AUG282010CWSMIN,game_total,11,0.0,0.0
2026-08-28,KXMLBTOTAL-26AUG282015PITSTL,game_total,11,0.0,0.0
2026-08-28,KXMLBTOTAL-26AUG282138PHILAA,game_total,11,0.0,0.0
2026-08-29,KXMLBF5-26AUG291610SDTB,inning_result,3,0.1667,0.5
2026-08-29,KXMLBF5-26AUG292207PHILAA,inning_result,3,1.0,1.5
2026-08-29,KXMLBGAME-26AUG291415PITSTL,game_result,2,0.0,0.0
2026-08-29,KXMLBGAME-26AUG291610COLATL,game_result,2,1.0,1.0
2026-08-29,KXMLBRFI-26AUG291310LADDET,first_inning_run,1,2.0,2.0
2026-08-29,KXMLBRFI-26AUG291410CWSMIN,first_inning_run,1,0.0,0.0
2026-08-29,KXMLBRFI-26AUG291415PITSTL,first_inning_run,1,0.5,0.5
2026-08-29,KXMLBRFI-26AUG291420CINCHC,first_inning_run,1,0.0,0.0
2026-08-29,KXMLBRFI-26AUG291507SEATOR,first_inning_run,1,0.0,0.0
2026-08-29,KXMLBRFI-26AUG291605MIAWSH,first_inning_run,1,1.5,1.5
2026-08-29,KXMLBRFI-26AUG291610COLATL,first_inning_run,1,0.0,0.0
2026-08-29,KXMLBRFI-26AUG291610HOUNYM,first_inning_run,1,0.0,0.0
2026-08-29,KXMLBRFI-26AUG291610KCCLE,first_inning_run,1,0.5,0.5
2026-08-29,KXMLBRFI-26AUG291610SDTB,first_inning_run,1,1.0,1.0
2026-08-29,KXMLBRFI-26AUG291915TEXMIL,first_inning_run,1,1.0,1.0
2026-08-29,KXMLBRFI-26AUG292205BALATH,first_inning_run,1,1.5,1.5
2026-08-29,KXMLBRFI-26AUG292207PHILAA,first_inning_run,1,0.0,0.0
2026-08-29,KXMLBSPREAD-26AUG291310LADDET,winning_margin,6,0.8333,2.0
2026-08-29,KXMLBSPREAD-26AUG291410CWSMIN,winning_margin,6,0.3333,1.0
2026-08-29,KXMLBSPREAD-26AUG291415PITSTL,winning_margin,6,0.5833,1.5
2026-08-29,KXMLBSPREAD-26AUG291420CINCHC,winning_margin,6,0.3333,1.0
2026-08-29,KXMLBSPREAD-26AUG291507SEATOR,winning_margin,6,0.5,1.0
2026-08-29,KXMLBSPREAD-26AUG291605MIAWSH,winning_margin,6,0.8333,2.0
2026-08-29,KXMLBSPREAD-26AUG291610COLATL,winning_margin,6,1.5,2.5
2026-08-29,KXMLBSPREAD-26AUG291610HOUNYM,winning_margin,6,0.8333,1.0
2026-08-29,KXMLBSPREAD-26AUG291610KCCLE,winning_margin,6,0.25,1.0
2026-08-29,KXMLBSPREAD-26AUG291610SDTB,winning_margin,6,0.3333,1.0
2026-08-29,KXMLBSPREAD-26AUG291915TEXMIL,winning_margin,6,0.25,1.0
2026-08-29,KXMLBSPREAD-26AUG292205BALATH,winning_margin,6,0.6667,1.0
2026-08-29,KXMLBSPREAD-26AUG292207PHILAA,winning_margin,6,1.1667,2.0
2026-08-29,KXMLBTEAMTOTAL-26AUG291310LADDET,team_total,14,1.4643,2.5
2026-08-29,KXMLBTEAMTOTAL-26AUG291410CWSMIN,team_total,14,0.3929,1.0
2026-08-29,KXMLBTEAMTOTAL-26AUG291415PITSTL,team_total,14,0.5357,1.5
2026-08-29,KXMLBTEAMTOTAL-26AUG291420CINCHC,team_total,14,0.6429,2.0
2026-08-29,KXMLBTEAMTOTAL-26AUG291507SEATOR,team_total,14,0.8571,2.0
2026-08-29,KXMLBTEAMTOTAL-26AUG291605MIAWSH,team_total,14,1.1071,2.0
2026-08-29,KXMLBTEAMTOTAL-26AUG291610COLATL,team_total,14,2.25,4.0
2026-08-29,KXMLBTEAMTOTAL-26AUG291610HOUNYM,team_total,14,0.4643,1.0
2026-08-29,KXMLBTEAMTOTAL-26AUG291610KCCLE,team_total,14,0.9286,2.0
2026-08-29,KXMLBTEAMTOTAL-26AUG291610SDTB,team_total,14,0.4643,1.0
2026-08-29,KXMLBTEAMTOTAL-26AUG291915TEXMIL,team_total,14,0.4643,2.0
2026-08-29,KXMLBTEAMTOTAL-26AUG292205BALATH,team_total,6,0.8333,2.0
2026-08-29,KXMLBTEAMTOTAL-26AUG292207PHILAA,team_total,14,0.75,2.0
2026-08-29,KXMLBTOTAL-26AUG291310LADDET,game_total,11,1.1364,2.0
2026-08-29,KXMLBTOTAL-26AUG291410CWSMIN,game_total,11,0.2273,1.0
2026-08-29,KXMLBTOTAL-26AUG291415PITSTL,game_total,11,0.9545,3.0
2026-08-29,KXMLBTOTAL-26AUG291420CINCHC,game_total,11,0.5,1.0
2026-08-29,KXMLBTOTAL-26AUG291507SEATOR,game_total,11,1.0909,2.5
2026-08-29,KXMLBTOTAL-26AUG291605MIAWSH,game_total,11,1.6818,3.0
2026-08-29,KXMLBTOTAL-26AUG291610COLATL,game_total,11,1.0909,3.0
2026-08-29,KXMLBTOTAL-26AUG291610HOUNYM,game_total,11,0.6818,2.0
2026-08-29,KXMLBTOTAL-26AUG291610KCCLE,game_total,11,0.5455,1.5
2026-08-29,KXMLBTOTAL-26AUG291610SDTB,game_total,11,0.3182,1.0
2026-08-29,KXMLBTOTAL-26AUG291915TEXMIL,game_total,11,1.4091,2.5
2026-08-29,KXMLBTOTAL-26AUG292205BALATH,game_total,11,1.1364,3.0
2026-08-29,KXMLBTOTAL-26AUG292207PHILAA,game_total,11,0.6364,1.0
2026-08-30,KXMLBF5-26AUG301920CINCHC,inning_result,3,1.0,2.0
2026-08-30,KXMLBGAME-26AUG301920CINCHC,game_result,2,3.75,4.0
2026-08-30,KXMLBRFI-26AUG301920CINCHC,first_inning_run,1,1.0,1.0
2026-08-30,KXMLBSPREAD-26AUG301920CINCHC,winning_margin,6,2.1667,4.0
2026-08-30,KXMLBTEAMTOTAL-26AUG301920CINCHC,team_total,14,2.3214,5.0
2026-08-30,KXMLBTOTAL-26AUG301920CINCHC,game_total,11,3.1818,4.5
2026-08-31,KXMLBF5-26AUG312005ATHTEX,inning_result,3,1.0,2.0
2026-08-31,KXMLBGAME-26AUG311940DETMIN,game_result,2,2.0,2.0
2026-08-31,KXMLBGAME-26AUG312005ATHTEX,game_result,2,0.75,1.0
2026-08-31,KXMLBRFI-26AUG311940DETMIN,first_inning_run,1,0.0,0.0
2026-08-31,KXMLBRFI-26AUG311940MILCHC,first_inning_run,1,2.0,2.0
2026-08-31,KXMLBRFI-26AUG312005ATHTEX,first_inning_run,1,1.0,1.0
2026-08-31,KXMLBRFI-26AUG312010CWSHOU,first_inning_run,1,1.0,1.0
2026-08-31,KXMLBRFI-26AUG312040BALCOL,first_inning_run,1,0.0,0.0
2026-08-31,KXMLBSPREAD-26AUG311940DETMIN,winning_margin,6,1.6667,3.0
2026-08-31,KXMLBSPREAD-26AUG311940MILCHC,winning_margin,6,0.1667,1.0
2026-08-31,KXMLBSPREAD-26AUG312005ATHTEX,winning_margin,6,0.3333,1.0
2026-08-31,KXMLBSPREAD-26AUG312010CWSHOU,winning_margin,6,0.5,1.0
2026-08-31,KXMLBSPREAD-26AUG312040BALCOL,winning_margin,6,2.3333,4.0
2026-08-31,KXMLBTEAMTOTAL-26AUG311940DETMIN,team_total,14,1.9286,4.5
2026-08-31,KXMLBTEAMTOTAL-26AUG311940MILCHC,team_total,14,0.2857,1.0
2026-08-31,KXMLBTEAMTOTAL-26AUG312005ATHTEX,team_total,14,1.0357,2.5
2026-08-31,KXMLBTEAMTOTAL-26AUG312010CWSHOU,team_total,14,1.1071,2.5
2026-08-31,KXMLBTEAMTOTAL-26AUG312040BALCOL,team_total,14,1.5,3.5
2026-08-31,KXMLBTOTAL-26AUG311940DETMIN,game_total,11,3.4545,6.0
2026-08-31,KXMLBTOTAL-26AUG311940MILCHC,game_total,11,0.9091,2.0
2026-08-31,KXMLBTOTAL-26AUG312005ATHTEX,game_total,11,0.6364,1.0
2026-08-31,KXMLBTOTAL-26AUG312010CWSHOU,game_total,11,1.8636,3.0
2026-08-31,KXMLBTOTAL-26AUG312040BALCOL,game_total,11,0.7727,2.0
